0,1000,1000
1,1005,1005
2,1012,1004
3,1016,1001
4,1010,1000
5,1007,999
6,1015,994
7,1022,996
8,1018,991
9,1016,988
10,1021,994
11,1019,995
12,1023,1001
13,1029,1003
14,1023,1002
15,1023,997
16,1025,1002
17,1026,1003
18,1031,1003
19,1027,1008
20,1034,1012
21,1037,1012
22,1040,1013
23,1047,1016
24,1055,1011
25,1050,1015
26,1045,1019
27,1042,1015
28,1050,1020
29,1054,1025
30,1061,1031
31,1056,1036
32,1063,1042
33,1071,1048
34,1067,1054
35,1068,1056
0,1000,1000
1,999,997
2,1000,996
3,1001,991
4,1004,991
5,998,993
6,1000,988
7,1001,989
8,997,991
9,1003,992
10,1005,997
11,1011,1000
12,1014,999
13,1022,1001
14,1025,1006
15,1029,1006
16,1037,1008
17,1038,1005
18,1045,1005
19,1042,1003
20,1036,1004
21,1043,1007
22,1050,1012
23,1049,1014
24,1047,1016
25,1049,1011
26,1055,1008
27,1054,1004
28,1052,1008
29,1051,1008
30,1051,1014
31,1053,1010
32,1053,1006
33,1050,1005
34,1051,1005
35,1049,1007
36,1056,1008
37,1061,1014
38,1061,1014
39,1059,1018
40,1064,1013
41,1064,1017
42,1069,1019
43,1075,1015
44,1075,1021
45,1079,1025
46,1086,1031
0,1000,1000
1,1002,1000
2,1000,1002
3,998,1004
4,1002,1006
5,1005,1005
6,1013,1003
7,1020,1001
8,1017,1001
9,1025,996
10,1024,991
11,1023,995
12,1020,1000
13,1025,997
14,1019,999
15,1020,1001
16,1020,998
17,1015,995
18,1019,993
19,1018,993
20,1022,988
21,1029,986
22,1032,983
23,1037,989
24,1036,992
25,1036,989
26,1042,987
27,1048,991
28,1054,996
29,1061,993
30,1057,991
31,1059,991
32,1066,996
33,1062,992
34,1061,995
35,1059,996
36,1056,997
37,1050,1003
38,1045,1002
39,1041,999
40,1047,998
41,1052,996
42,1057,995
43,1063,997
44,1071,994
45,1076,996
46,1070,992
47,1069,998
48,1075,1000
49,1080,997
50,1078,1001
51,1077,1003
52,1084,1001
53,1085,1004
54,1085,1005
55,1083,1010
56,1079,1015
57,1075,1017
58,1080,1020
59,1074,1026
60,1080,1024
61,1074,1023
62,1081,1022
63,1088,1017
64,1082,1020
65,1078,1018
66,1078,1021
67,1083,1025
68,1088,1027
69,1083,1024
70,1088,1022
71,1085,1026
72,1086,1025
73,1086,1029
74,1093,1034
75,1094,1035
76,1094,1033
77,1097,1035
78,1098,1039
79,1097,1036
80,1099,1041
81,1093,1047
82,1098,1044
83,1104,1048
84,1098,1052
85,1094,1049
86,1093,1054
87,1091,1059
88,1090,1059
89,1096,1059
90,1090,1062
91,1088,1059
92,1084,1056
93,1091,1061
94,1097,1059
95,1103,1064
96,1098,1064
97,1094,1065
98,1093,1062
99,1096,1058
100,1098,1055
101,1096,1060
102,1098,1055
103,1092,1054
104,1098,1060
105,1094,1064
106,1100,1061
107,1094,1059
108,1099,1059
109,1093,1055
110,1089,1054
111,1093,1049
112,1096,1048
113,1091,1047
114,1088,1050
115,1092,1047
116,1096,1045
117,1098,1047
118,1098,1042
119,1096,1037
120,1103,1037
121,1106,1036
122,1102,1038
123,1108,1041
124,1116,1040
125,1118,1043
126,1122,1038
127,1127,1035
128,1122,1031
129,1125,1034
130,1131,1035
131,1125,1031
132,1123,1032
133,1118,1033
134,1119,1032
135,1122,1036
136,1128,1033
137,1122,1031
138,1128,1029
139,1135,1024
140,1129,1023
141,1136,1028
142,1132,1029
143,1134,1029
144,1130,1025
145,1126,1031
146,1132,1035
147,1129,1039
148,1130,1040
149,1130,1043
150,1126,1044
151,1128,1040
152,1128,1036
153,1133,1042
154,1133,1048
155,1136,1043
156,1140,1042
157,1142,1048
158,1149,1044
159,1152,1045
160,1156,1045
161,1162,1042
162,1157,1043
163,1155,1046
164,1149,1051
165,1155,1049
166,1160,1046
167,1165,1042
168,1159,1044
169,1162,1047
170,1169,1049
171,1174,1045
172,1169,1045
173,1168,1050
174,1172,1050
175,1170,1045
176,1172,1040
177,1171,1041
178,1169,1036
179,1169,1039
180,1175,1040
181,1175,1044
182,1178,1046
183,1182,1051
184,1180,1047
185,1182,1051
186,1176,1049
187,1171,1047
188,1171,1044
189,1178,1044
190,1176,1041
191,1180,1040
192,1187,1039
193,1185,1040
194,1192,1044
195,1199,1050
196,1205,1054
197,1200,1057
198,1201,1055
199,1203,1059
200,1197,1065
201,1200,1065
202,1200,1062
203,1194,1068
204,1197,1072
205,1199,1073
206,1204,1069
207,1210,1072
208,1211,1072
209,1206,1068
210,1200,1065
211,1207,1071
212,1212,1068
213,1211,1069
214,1209,1064
215,1204,1068
216,1207,1070
217,1202,1073
218,1210,1075
219,1215,1075
220,1220,1078
221,1214,1078
222,1219,1075
223,1226,1072
224,1221,1074
225,1229,1070
226,1225,1070
227,1221,1075
228,1225,1077
229,1219,1080
230,1220,1075
231,1218,1073
232,1212,1069
233,1216,1074
234,1210,1073
235,1209,1077
236,1207,1073
237,1204,1079
238,1204,1081
239,1208,1087
240,1216,1086
241,1219,1089
242,1227,1093
243,1224,1090
244,1218,1091
245,1220,1096
246,1222,1102
247,1228,1102
248,1231,1105
249,1234,1106
250,1236,1111
251,1244,1117
252,1241,1118
253,1238,1115
254,1236,1121
255,1236,1119
256,1244,1117
257,1250,1121
258,1248,1124
259,1246,1129
260,1249,1132
261,1253,1132
262,1261,1138
263,1258,1138
264,1255,1138
265,1250,1138
266,1251,1135
267,1253,1140
268,1248,1140
269,1252,1146
270,1250,1146
271,1255,1149
272,1262,1145
273,1257,1142
274,1265,1137
275,1264,1132
276,1262,1138
277,1267,1135
278,1268,1130
279,1269,1134
280,1276,1138
281,1277,1142
282,1280,1145
283,1282,1141
284,1284,1138
285,1292,1134
286,1289,1131
287,1284,1133
288,1286,1129
289,1287,1124
290,1292,1119
291,1300,1125
292,1296,1130
293,1293,1130
294,1294,1128
295,1296,1124
296,1301,1125
297,1297,1122
298,1303,1125
299,1311,1130
300,1311,1132
301,1308,1127
302,1310,1128
303,1312,1124
304,1319,1122
305,1319,1126
306,1320,1127
307,1326,1123
308,1326,1118
309,1328,1114
310,1328,1120
311,1328,1116
312,1327,1115
313,1328,1111
314,1327,1113
315,1321,1111
316,1319,1113
317,1318,1108
318,1321,1107
319,1319,1109
320,1314,1107
321,1321,1105
322,1320,1104
323,1326,1100
324,1324,1096
325,1324,1091
326,1324,1095
327,1324,1093
328,1324,1089
329,1320,1089
330,1314,1089
331,1316,1091
332,1316,1087
333,1315,1082
334,1318,1082
335,1323,1087
336,1320,1085
337,1320,1080
338,1321,1079
339,1317,1080
340,1311,1080
341,1315,1082
342,1322,1088
343,1323,1084
344,1327,1082
345,1330,1083
346,1328,1087
347,1336,1088
348,1330,1085
349,1326,1083
350,1333,1084
351,1339,1079
352,1342,1080
353,1337,1080
354,1331,1082
355,1335,1081
356,1334,1083
357,1340,1083
358,1339,1080
359,1337,1075
360,1342,1077
361,1347,1082
362,1345,1085
363,1342,1086
364,1336,1083
365,1344,1089
366,1349,1094
367,1351,1094
368,1352,1095
369,1356,1094
370,1352,1100
371,1356,1101
372,1353,1100
373,1354,1099
374,1351,1098
375,1351,1098
376,1355,1094
377,1355,1089
378,1356,1084
379,1359,1079
380,1364,1075
381,1362,1072
382,1362,1069
383,1366,1068
384,1372,1069
385,1368,1074
386,1362,1071
387,1365,1074
388,1365,1075
389,1364,1074
390,1360,1080
391,1364,1077
392,1360,1083
393,1357,1080
394,1354,1085
395,1360,1081
396,1359,1078
397,1362,1080
398,1367,1085
399,1371,1089
400,1370,1093
401,1367,1099
402,1361,1105
403,1362,1110
404,1356,1116
405,1363,1113
406,1368,1118
407,1371,1116
408,1370,1118
409,1369,1121
410,1367,1124
411,1375,1122
412,1376,1117
413,1374,1119
414,1381,1117
415,1376,1123
416,1376,1126
417,1382,1132
418,1390,1131
419,1393,1128
420,1392,1127
421,1389,1131
422,1385,1136
423,1386,1136
424,1389,1138
425,1397,1133
426,1391,1136
427,1385,1136
428,1388,1141
429,1388,1140
430,1391,1144
431,1397,1140
432,1404,1141
433,1403,1144
434,1399,1140
435,1398,1144
436,1395,1144
437,1389,1144
438,1386,1145
439,1386,1144
440,1384,1148
441,1385,1154
442,1389,1154
443,1391,1159
444,1398,1155
445,1401,1155
446,1405,1153
447,1404,1152
448,1398,1149
449,1403,1145
450,1404,1144
451,1412,1139
452,1419,1139
453,1414,1138
454,1421,1144
455,1419,1149
456,1421,1155
457,1427,1150
458,1431,1147
459,1428,1145
460,1426,1142
461,1433,1139
462,1441,1143
463,1438,1139
464,1446,1137
465,1451,1135
466,1456,1136
467,1457,1137
468,1453,1138
469,1457,1144
470,1460,1149
471,1467,1147
472,1466,1153
473,1470,1156
474,1475,1157
475,1476,1163
476,1481,1162
477,1478,1167
478,1475,1163
479,1478,1163
480,1472,1162
481,1466,1161
482,1465,1158
483,1467,1160
484,1470,1160
485,1468,1163
486,1473,1158
487,1471,1154
488,1479,1156
489,1479,1162
490,1483,1157
491,1491,1163
492,1497,1163
493,1500,1165
494,1501,1163
495,1501,1169
496,1503,1169
497,1508,1174
498,1506,1176
499,1512,1179
500,1511,1178
501,1514,1180
502,1522,1180
503,1525,1183
504,1530,1181
505,1527,1184
506,1529,1181
507,1530,1182
508,1537,1178
509,1540,1173
510,1536,1172
511,1532,1177
512,1533,1181
513,1531,1184
514,1525,1184
515,1521,1188
516,1519,1183
517,1522,1186
518,1522,1184
519,1525,1188
520,1519,1186
521,1517,1188
522,1514,1190
523,1508,1186
524,1515,1185
525,1519,1183
526,1515,1188
527,1512,1192
528,1513,1187
529,1517,1193
530,1515,1189
531,1509,1185
532,1508,1181
533,1515,1177
534,1516,1183
535,1510,1178
536,1511,1184
537,1506,1189
538,1511,1188
539,1517,1189
540,1515,1193
541,1514,1194
542,1517,1193
543,1524,1194
544,1525,1192
545,1531,1198
546,1526,1199
547,1529,1204
548,1532,1205
549,1539,1200
550,1537,1200
551,1542,1198
552,1548,1195
553,1542,1194
554,1537,1200
555,1544,1200
556,1547,1205
557,1545,1204
558,1540,1201
559,1540,1200
560,1541,1200
561,1547,1203
562,1546,1209
563,1542,1215
564,1541,1217
565,1540,1214
566,1540,1210
567,1545,1206
568,1548,1208
569,1549,1210
570,1553,1207
571,1561,1211
572,1557,1212
573,1554,1215
574,1553,1219
575,1547,1221
576,1547,1218
577,1547,1214
578,1554,1215
579,1560,1215
580,1559,1217
581,1567,1221
582,1563,1223
583,1560,1222
584,1567,1224
585,1563,1221
586,1563,1217
587,1559,1218
588,1555,1220
589,1551,1221
590,1548,1216
591,1550,1218
592,1558,1216
593,1563,1218
594,1561,1220
595,1559,1224
596,1560,1230
597,1554,1232
598,1558,1233
599,1556,1235
600,1558,1237
601,1554,1233
602,1556,1228
603,1556,1230
604,1562,1229
605,1567,1231
606,1564,1231
607,1569,1228
608,1574,1233
609,1578,1238
610,1581,1241
611,1580,1241
612,1579,1246
613,1586,1246
614,1588,1242
615,1587,1244
616,1584,1246
617,1584,1248
618,1578,1249
619,1572,1255
620,1567,1259
621,1575,1254
622,1581,1249
623,1589,1245
624,1588,1240
625,1583,1236
626,1584,1239
627,1590,1244
628,1586,1248
629,1584,1249
630,1584,1254
631,1589,1256
632,1583,1258
633,1588,1258
634,1589,1256
635,1588,1261
636,1593,1263
637,1587,1266
638,1593,1270
639,1591,1273
640,1590,1275
641,1590,1273
642,1585,1273
643,1590,1272
644,1592,1267
645,1598,1272
646,1595,1275
647,1603,1278
648,1605,1282
649,1599,1282
650,1598,1279
651,1597,1284
652,1596,1282
653,1599,1278
654,1604,1275
655,1609,1274
656,1603,1277
657,1608,1276
658,1609,1278
659,1611,1275
660,1613,1276
661,1616,1271
662,1615,1266
663,1611,1266
664,1608,1263
665,1612,1267
666,1606,1267
667,1613,1267
668,1614,1266
669,1618,1269
670,1617,1269
671,1624,1274
672,1626,1270
673,1632,1266
674,1633,1272
675,1631,1268
676,1630,1265
677,1633,1269
678,1631,1274
679,1639,1280
680,1641,1284
681,1641,1289
682,1636,1292
683,1635,1297
684,1638,1299
685,1643,1295
686,1638,1300
687,1645,1296
688,1643,1298
689,1637,1300
690,1631,1298
691,1629,1301
692,1630,1300
693,1638,1295
694,1637,1290
695,1636,1289
696,1637,1286
697,1639,1288
698,1639,1289
699,1642,1284
700,1644,1285
701,1647,1288
702,1650,1290
703,1657,1296
704,1655,1294
705,1663,1294
706,1661,1295
707,1656,1294
708,1653,1295
709,1655,1291
710,1651,1295
711,1655,1297
712,1650,1297
713,1647,1294
714,1654,1299
715,1659,1304
716,1667,1310
717,1673,1311
718,1679,1306
719,1683,1301
720,1679,1304
721,1684,1306
722,1685,1304
723,1683,1308
724,1690,1304
725,1687,1300
726,1686,1305
727,1683,1303
728,1682,1303
729,1682,1309
730,1685,1313
731,1687,1313
732,1692,1319
733,1694,1321
734,1700,1324
735,1703,1330
736,1708,1328
737,1705,1334
738,1706,1332
739,1706,1330
740,1701,1328
741,1703,1333
742,1709,1337
743,1705,1340
744,1705,1336
745,1713,1336
746,1708,1340
747,1704,1336
748,1707,1341
749,1704,1342
750,1709,1343
751,1709,1345
752,1714,1341
753,1708,1345
754,1711,1349
755,1713,1344
756,1719,1340
757,1723,1338
758,1728,1343
759,1726,1340
760,1733,1346
761,1736,1349
762,1741,1345
763,1745,1347
764,1751,1353
765,1759,1351
766,1763,1353
767,1766,1351
768,1768,1347
769,1762,1343
770,1768,1344
771,1775,1349
772,1772,1347
773,1767,1346
774,1768,1344
775,1770,1348
776,1776,1345
777,1779,1348
778,1787,1344
779,1781,1345
780,1781,1350
781,1780,1353
782,1781,1351
783,1784,1352
784,1792,1355
785,1786,1358
786,1792,1355
787,1792,1361
788,1792,1364
789,1793,1365
790,1793,1368
791,1800,1371
792,1796,1372
793,1799,1375
794,1806,1375
795,1801,1378
796,1804,1378
797,1806,1384
798,1805,1379
799,1809,1384
800,1817,1382
801,1814,1378
802,1811,1373
803,1812,1375
804,1816,1377
805,1816,1380
806,1815,1375
807,1821,1374
808,1821,1370
809,1824,1370
810,1829,1366
811,1833,1364
812,1836,1367
813,1835,1367
814,1839,1371
815,1835,1369
816,1832,1370
817,1839,1368
818,1844,1373
819,1839,1374
820,1833,1371
821,1837,1373
822,1831,1378
823,1825,1375
824,1830,1376
825,1836,1375
826,1831,1378
827,1839,1374
828,1834,1372
829,1828,1373
830,1830,1371
831,1828,1367
832,1827,1365
833,1832,1366
834,1837,1372
835,1836,1368
836,1835,1365
837,1839,1362
838,1836,1360
839,1843,1359
840,1847,1354
841,1851,1350
842,1849,1353
843,1854,1355
844,1855,1351
845,1863,1348
846,1863,1352
847,1858,1354
848,1863,1360
849,1863,1359
850,1859,1356
851,1865,1352
852,1872,1351
853,1871,1347
854,1868,1352
855,1872,1350
856,1867,1346
857,1866,1350
858,1873,1351
859,1870,1351
860,1872,1349
861,1877,1350
862,1871,1354
863,1873,1350
864,1867,1355
865,1871,1356
866,1872,1351
867,1873,1355
868,1878,1353
869,1886,1359
870,1890,1359
871,1896,1360
872,1894,1363
873,1889,1359
874,1896,1358
875,1896,1363
876,1892,1362
877,1888,1364
878,1892,1361
879,1896,1359
880,1903,1364
881,1903,1362
882,1898,1357
883,1902,1356
884,1898,1356
885,1894,1353
886,1895,1354
887,1903,1353
888,1898,1358
889,1905,1361
890,1906,1362
891,1909,1367
892,1904,1369
893,1911,1374
894,1915,1373
895,1918,1369
896,1919,1374
897,1926,1371
898,1934,1367
899,1942,1371
900,1950,1371
901,1954,1369
902,1953,1366
903,1957,1362
904,1961,1364
905,1961,1366
906,1957,1367
907,1961,1362
908,1959,1368
909,1966,1372
910,1967,1376
911,1962,1381
912,1968,1379
913,1967,1382
914,1971,1382
915,1975,1385
916,1978,1384
917,1982,1382
918,1984,1380
919,1987,1386
920,1981,1386
921,1982,1384
922,1985,1381
923,1990,1383
924,1991,1382
925,1985,1379
926,1981,1385
927,1979,1388
928,1980,1391
929,1979,1395
930,1976,1399
931,1976,1404
932,1971,1405
933,1966,1402
934,1961,1403
935,1957,1406
936,1962,1402
937,1960,1397
938,1957,1396
939,1963,1402
940,1963,1406
941,1968,1405
942,1965,1402
943,1967,1405
944,1961,1405
945,1961,1405
946,1969,1409
947,1972,1406
948,1966,1401
949,1969,1407
950,1969,1407
951,1971,1411
952,1971,1410
953,1976,1411
954,1981,1410
955,1983,1407
956,1979,1407
957,1985,1410
958,1980,1413
959,1976,1409
960,1977,1411
961,1980,1410
962,1984,1405
963,1979,1411
964,1975,1417
965,1976,1413
966,1970,1416
967,1978,1420
968,1982,1425
969,1976,1422
970,1977,1427
971,1984,1433
972,1978,1433
973,1976,1433
974,1983,1436
975,1985,1440
976,1983,1437
977,1984,1441
978,1986,1438
979,1993,1435
980,2000,1432
981,2008,1433
982,2009,1434
983,2011,1440
984,2012,1437
985,2007,1433
986,2006,1431
987,2002,1426
988,2001,1421
989,2001,1422
990,2007,1426
991,2011,1428
992,2009,1427
993,2012,1428
994,2010,1431
995,2005,1435
996,2007,1439
997,2014,1443
998,2010,1441
999,2012,1444
1000,2015,1447
1001,2020,1453
1002,2026,1450
1003,2032,1455
1004,2035,1457
1005,2039,1459
1006,2047,1459
1007,2041,1463
1008,2037,1469
1009,2042,1466
1010,2037,1470
1011,2037,1466
1012,2044,1463
1013,2048,1466
1014,2047,1464
1015,2044,1465
1016,2048,1460
1017,2054,1459
1018,2048,1463
1019,2053,1467
1020,2057,1470
1021,2054,1468
1022,2062,1464
1023,2063,1469
1024,2063,1466
1025,2062,1461
1026,2057,1459
1027,2065,1460
1028,2067,1457
1029,2064,1458
1030,2070,1462
1031,2077,1467
1032,2075,1472
1033,2070,1473
1034,2064,1475
1035,2067,1478
1036,2066,1477
1037,2065,1478
1038,2073,1479
1039,2075,1485
1040,2073,1481
1041,2075,1478
1042,2081,1482
1043,2082,1478
1044,2088,1477
1045,2082,1482
1046,2077,1482
1047,2080,1484
1048,2083,1482
1049,2082,1487
1050,2090,1489
1051,2086,1489
1052,2080,1484
1053,2082,1481
1054,2076,1478
1055,2083,1478
1056,2086,1475
1057,2089,1481
1058,2093,1485
1059,2092,1488
1060,2092,1483
1061,2094,1486
1062,2093,1485
1063,2091,1485
1064,2089,1485
1065,2083,1486
1066,2086,1486
1067,2083,1482
1068,2081,1482
1069,2086,1477
1070,2093,1473
1071,2101,1475
1072,2095,1475
1073,2090,1478
1074,2094,1479
1075,2093,1482
1076,2097,1487
1077,2095,1484
1078,2090,1483
1079,2089,1488
1080,2093,1492
1081,2092,1497
1082,2094,1501
1083,2091,1497
1084,2098,1494
1085,2106,1491
1086,2108,1488
1087,2112,1492
1088,2111,1497
1089,2107,1496
1090,2111,1494
1091,2106,1491
1092,2110,1496
1093,2106,1494
1094,2105,1492
1095,2104,1494
1096,2102,1492
1097,2107,1488
1098,2102,1492
1099,2110,1496
1100,2115,1491
1101,2121,1493
1102,2122,1495
1103,2121,1496
1104,2123,1495
1105,2127,1496
1106,2126,1497
1107,2126,1492
1108,2133,1497
1109,2136,1496
1110,2133,1500
1111,2135,1501
1112,2129,1504
1113,2123,1500
1114,2125,1503
1115,2128,1507
1116,2135,1502
1117,2129,1497
1118,2128,1499
1119,2122,1505
1120,2118,1509
1121,2124,1513
1122,2118,1515
1123,2119,1511
1124,2113,1513
1125,2107,1508
1126,2106,1512
1127,2104,1513
1128,2111,1515
1129,2105,1514
1130,2113,1518
1131,2116,1515
1132,2124,1516
1133,2124,1518
1134,2125,1513
1135,2133,1519
1136,2128,1518
1137,2126,1516
1138,2120,1515
1139,2124,1511
1140,2125,1515
1141,2129,1519
1142,2123,1519
1143,2118,1521
1144,2121,1526
1145,2120,1523
1146,2117,1523
1147,2111,1529
1148,2115,1533
1149,2121,1537
1150,2118,1535
1151,2123,1537
1152,2118,1543
1153,2115,1542
1154,2122,1545
1155,2121,1543
1156,2128,1549
1157,2131,1544
1158,2132,1546
1159,2126,1545
1160,2127,1546
1161,2133,1541
1162,2130,1540
1163,2124,1546
1164,2126,1545
1165,2134,1549
1166,2131,1549
1167,2130,1555
1168,2127,1551
1169,2129,1547
1170,2137,1544
1171,2137,1546
1172,2138,1541
1173,2134,1537
1174,2128,1533
1175,2126,1534
1176,2120,1529
1177,2116,1534
1178,2121,1532
1179,2116,1533
1180,2118,1529
1181,2122,1525
1182,2118,1523
1183,2117,1520
1184,2124,1519
1185,2118,1520
1186,2115,1520
1187,2116,1519
1188,2116,1520
1189,2110,1522
1190,2112,1525
1191,2107,1529
1192,2110,1526
1193,2105,1523
1194,2107,1529
1195,2101,1531
1196,2101,1531
1197,2105,1528
1198,2109,1524
1199,2113,1526
1200,2110,1521
1201,2106,1522
1202,2102,1525
1203,2102,1530
1204,2099,1529
1205,2105,1529
1206,2103,1533
1207,2100,1532
1208,2102,1537
1209,2110,1542
1210,2110,1541
1211,2118,1537
1212,2114,1533
1213,2115,1535
1214,2111,1535
1215,2113,1535
1216,2117,1541
1217,2117,1547
1218,2125,1552
1219,2127,1557
1220,2125,1556
1221,2130,1556
1222,2124,1555
1223,2122,1557
1224,2124,1562
1225,2129,1566
1226,2136,1569
1227,2144,1573
1228,2146,1568
1229,2148,1568
1230,2144,1572
1231,2143,1578
1232,2142,1578
1233,2149,1577
1234,2143,1577
1235,2145,1573
1236,2145,1568
1237,2153,1563
1238,2160,1563
1239,2157,1558
1240,2159,1561
1241,2165,1558
1242,2160,1561
1243,2155,1556
1244,2154,1558
1245,2160,1561
1246,2160,1565
1247,2155,1570
1248,2150,1566
1249,2158,1565
1250,2160,1571
1251,2155,1576
1252,2157,1579
1253,2154,1581
1254,2152,1586
1255,2155,1587
1256,2157,1586
1257,2160,1584
1258,2156,1581
1259,2154,1577
1260,2154,1573
1261,2149,1577
1262,2144,1574
1263,2148,1579
1264,2145,1585
1265,2152,1586
1266,2156,1591
1267,2153,1592
1268,2154,1597
1269,2151,1603
1270,2152,1604
1271,2152,1610
1272,2154,1608
1273,2152,1607
1274,2155,1605
1275,2155,1609
1276,2156,1607
1277,2153,1608
1278,2148,1610
1279,2147,1607
1280,2151,1613
1281,2159,1613
1282,2155,1616
1283,2158,1611
1284,2163,1614
1285,2157,1612
1286,2161,1607
1287,2155,1609
1288,2158,1606
1289,2164,1609
1290,2160,1604
1291,2155,1604
1292,2162,1602
1293,2165,1603
1294,2165,1608
1295,2159,1608
1296,2164,1614
1297,2158,1616
1298,2155,1618
1299,2154,1624
1300,2153,1627
1301,2158,1632
1302,2162,1638
1303,2160,1636
1304,2161,1637
1305,2156,1637
1306,2158,1638
1307,2154,1644
1308,2148,1640
1309,2149,1640
1310,2157,1643
1311,2162,1642
1312,2159,1648
1313,2164,1647
1314,2162,1642
1315,2163,1637
1316,2170,1633
1317,2166,1632
1318,2162,1629
1319,2158,1632
1320,2165,1635
1321,2160,1632
1322,2165,1632
1323,2160,1636
1324,2154,1636
1325,2150,1638
1326,2151,1636
1327,2150,1641
1328,2155,1646
1329,2149,1644
1330,2151,1645
1331,2156,1651
1332,2155,1654
1333,2157,1659
1334,2156,1663
1335,2156,1660
1336,2151,1657
1337,2159,1663
1338,2154,1659
1339,2162,1660
1340,2169,1657
1341,2164,1656
1342,2167,1657
1343,2167,1656
1344,2172,1651
1345,2171,1649
1346,2165,1652
1347,2166,1647
1348,2171,1644
1349,2170,1640
1350,2172,1642
1351,2168,1647
1352,2173,1650
1353,2178,1651
1354,2179,1646
1355,2174,1646
1356,2170,1650
1357,2172,1653
1358,2174,1651
1359,2181,1652
1360,2188,1651
1361,2183,1648
1362,2191,1644
1363,2199,1645
1364,2194,1647
1365,2192,1653
1366,2192,1654
1367,2192,1654
1368,2198,1649
1369,2197,1648
1370,2196,1643
1371,2191,1642
1372,2198,1645
1373,2195,1645
1374,2195,1644
1375,2189,1649
1376,2185,1647
1377,2191,1643
1378,2191,1649
1379,2185,1654
1380,2192,1658
1381,2195,1659
1382,2201,1662
1383,2200,1661
1384,2194,1656
1385,2189,1653
1386,2186,1649
1387,2188,1654
1388,2188,1660
1389,2187,1656
1390,2191,1661
1391,2191,1664
1392,2195,1667
1393,2193,1672
1394,2196,1674
1395,2196,1678
1396,2198,1680
1397,2202,1682
1398,2201,1687
1399,2208,1684
1400,2210,1683
1401,2217,1689
1402,2221,1686
1403,2222,1685
1404,2224,1681
1405,2218,1678
1406,2213,1682
1407,2212,1678
1408,2210,1679
1409,2216,1683
1410,2218,1688
1411,2225,1689
1412,2228,1686
1413,2230,1691
1414,2225,1689
1415,2220,1691
1416,2222,1686
1417,2219,1687
1418,2223,1693
1419,2227,1688
1420,2234,1683
1421,2239,1687
1422,2246,1687
1423,2253,1683
1424,2249,1679
1425,2245,1681
1426,2242,1681
1427,2237,1685
1428,2245,1686
1429,2242,1686
1430,2241,1690
1431,2246,1685
1432,2240,1686
1433,2243,1683
1434,2247,1678
1435,2244,1673
1436,2242,1671
1437,2248,1671
1438,2245,1670
1439,2244,1674
1440,2238,1672
1441,2238,1668
1442,2238,1663
1443,2234,1666
1444,2232,1664
1445,2240,1666
1446,2247,1663
1447,2252,1662
1448,2249,1668
1449,2252,1666
1450,2254,1662
1451,2252,1666
1452,2251,1669
1453,2248,1671
1454,2254,1670
1455,2249,1665
1456,2250,1665
1457,2252,1670
1458,2253,1667
1459,2260,1668
1460,2259,1673
1461,2255,1678
1462,2260,1673
1463,2261,1673
1464,2261,1671
1465,2256,1676
1466,2255,1681
1467,2252,1677
1468,2247,1680
1469,2244,1679
1470,2239,1682
1471,2246,1686
1472,2245,1692
1473,2245,1696
1474,2247,1695
1475,2251,1696
1476,2248,1693
1477,2243,1697
1478,2251,1700
1479,2256,1696
1480,2264,1692
1481,2264,1695
1482,2268,1701
1483,2276,1706
1484,2280,1706
1485,2276,1706
1486,2279,1712
1487,2280,1717
1488,2281,1720
1489,2285,1719
1490,2281,1720
1491,2280,1716
1492,2275,1719
1493,2278,1723
1494,2273,1719
1495,2278,1714
1496,2278,1711
1497,2277,1708
1498,2275,1710
1499,2271,1711
1500,2278,1714
1501,2279,1716
1502,2278,1712
1503,2272,1717
1504,2268,1721
1505,2266,1716
1506,2260,1722
1507,2258,1722
1508,2265,1722
1509,2272,1722
1510,2267,1726
1511,2267,1731
1512,2270,1731
1513,2276,1732
1514,2281,1730
1515,2279,1727
1516,2282,1723
1517,2286,1722
1518,2280,1728
1519,2279,1727
1520,2279,1724
1521,2279,1723
1522,2280,1719
1523,2275,1722
1524,2282,1728
1525,2279,1723
1526,2277,1727
1527,2277,1732
1528,2273,1738
1529,2277,1740
1530,2278,1746
1531,2273,1748
1532,2275,1753
1533,2282,1756
1534,2288,1762
1535,2292,1768
1536,2294,1768
1537,2299,1773
1538,2299,1779
1539,2303,1775
1540,2298,1777
1541,2304,1781
1542,2300,1780
1543,2300,1786
1544,2308,1789
1545,2309,1785
1546,2308,1785
1547,2304,1788
1548,2298,1791
1549,2292,1790
1550,2300,1786
1551,2304,1782
1552,2312,1786
1553,2319,1789
1554,2324,1784
1555,2329,1783
1556,2330,1778
1557,2335,1775
1558,2341,1774
1559,2343,1771
1560,2341,1777
1561,2337,1774
1562,2336,1770
1563,2335,1768
1564,2329,1772
1565,2326,1773
1566,2332,1774
1567,2332,1776
1568,2337,1778
1569,2342,1782
1570,2346,1779
1571,2349,1784
1572,2349,1787
1573,2354,1789
1574,2358,1795
1575,2353,1792
1576,2350,1795
1577,2347,1792
1578,2347,1791
1579,2345,1797
1580,2346,1796
1581,2348,1801
1582,2343,1802
1583,2347,1797
1584,2353,1797
1585,2358,1797
1586,2356,1803
1587,2352,1806
1588,2358,1801
1589,2361,1803
1590,2361,1805
1591,2366,1811
1592,2368,1806
1593,2367,1806
1594,2372,1804
1595,2369,1809
1596,2370,1804
1597,2377,1804
1598,2382,1807
1599,2379,1806
1600,2387,1806
1601,2395,1807
1602,2403,1812
1603,2410,1818
1604,2409,1822
1605,2407,1823
1606,2412,1821
1607,2412,1819
1608,2409,1820
1609,2414,1821
1610,2422,1820
1611,2426,1818
1612,2420,1816
1613,2427,1813
1614,2430,1819
1615,2437,1820
1616,2436,1826
1617,2434,1823
1618,2438,1819
1619,2444,1821
1620,2443,1819
1621,2443,1823
1622,2451,1825
1623,2457,1821
1624,2457,1824
1625,2458,1830
1626,2453,1833
1627,2459,1832
1628,2453,1834
1629,2457,1837
1630,2457,1833
1631,2462,1830
1632,2464,1835
1633,2467,1831
1634,2473,1834
1635,2476,1829
1636,2483,1829
1637,2486,1835
1638,2492,1831
1639,2499,1831
1640,2493,1834
1641,2493,1830
1642,2498,1833
1643,2495,1833
1644,2495,1830
1645,2497,1830
1646,2503,1828
1647,2500,1828
1648,2495,1823
1649,2493,1829
1650,2490,1830
1651,2497,1831
1652,2505,1837
1653,2508,1833
1654,2503,1834
1655,2500,1832
1656,2498,1836
1657,2503,1834
1658,2505,1837
1659,2508,1833
1660,2509,1829
1661,2511,1827
1662,2511,1825
1663,2513,1831
1664,2515,1832
1665,2509,1834
1666,2514,1839
1667,2515,1835
1668,2509,1831
1669,2512,1831
1670,2514,1826
1671,2517,1832
1672,2511,1833
1673,2517,1830
1674,2522,1835
1675,2529,1839
1676,2537,1842
1677,2537,1840
1678,2542,1842
1679,2540,1842
1680,2534,1837
1681,2540,1841
1682,2534,1843
1683,2533,1844
1684,2531,1841
1685,2528,1843
1686,2535,1848
1687,2534,1850
1688,2537,1845
1689,2532,1842
1690,2528,1840
1691,2523,1842
1692,2520,1838
1693,2526,1833
1694,2533,1831
1695,2538,1835
1696,2544,1833
1697,2551,1828
1698,2559,1832
1699,2558,1827
1700,2564,1827
1701,2561,1832
1702,2559,1838
1703,2564,1840
1704,2563,1840
1705,2560,1841
1706,2559,1836
1707,2566,1831
1708,2563,1832
1709,2560,1838
1710,2562,1842
1711,2556,1845
1712,2551,1849
1713,2550,1846
1714,2556,1847
1715,2564,1849
1716,2566,1854
1717,2566,1860
1718,2573,1863
1719,2569,1858
1720,2567,1860
1721,2569,1858
1722,2573,1854
1723,2573,1851
1724,2570,1846
1725,2572,1841
1726,2572,1846
1727,2567,1850
1728,2564,1849
1729,2566,1846
1730,2569,1851
1731,2574,1853
1732,2575,1859
1733,2575,1856
1734,2581,1851
1735,2588,1857
1736,2584,1856
1737,2591,1856
1738,2590,1853
1739,2595,1851
1740,2603,1846
1741,2605,1852
1742,2605,1849
1743,2601,1855
1744,2596,1855
1745,2595,1857
1746,2591,1857
1747,2588,1859
1748,2589,1864
1749,2586,1869
1750,2594,1869
1751,2594,1870
1752,2594,1868
1753,2594,1864
1754,2598,1865
1755,2592,1864
1756,2589,1860
1757,2589,1865
1758,2586,1869
1759,2592,1868
1760,2590,1872
1761,2595,1873
1762,2601,1876
1763,2600,1878
1764,2596,1876
1765,2594,1873
1766,2590,1875
1767,2597,1873
1768,2601,1875
1769,2604,1870
1770,2602,1866
1771,2608,1866
1772,2607,1866
1773,2603,1867
1774,2606,1871
1775,2603,1868
1776,2602,1873
1777,2605,1872
1778,2603,1871
1779,2610,1876
1780,2613,1873
1781,2607,1869
1782,2602,1871
1783,2599,1875
1784,2594,1873
1785,2592,1871
1786,2588,1866
1787,2595,1864
1788,2594,1864
1789,2602,1862
1790,2596,1863
1791,2604,1861
1792,2605,1860
1793,2600,1856
1794,2595,1856
1795,2590,1853
1796,2587,1857
1797,2584,1855
1798,2587,1854
1799,2590,1852
1800,2587,1847
1801,2591,1852
1802,2588,1858
1803,2595,1857
1804,2603,1857
1805,2602,1854
1806,2602,1858
1807,2610,1860
1808,2604,1865
1809,2601,1870
1810,2598,1866
1811,2592,1861
1812,2591,1863
1813,2597,1866
1814,2601,1865
1815,2595,1869
1816,2601,1868
1817,2599,1866
1818,2595,1865
1819,2591,1860
1820,2591,1863
1821,2591,1861
1822,2591,1856
1823,2592,1862
1824,2600,1866
1825,2598,1865
1826,2595,1867
1827,2596,1873
1828,2604,1877
1829,2606,1876
1830,2612,1872
1831,2608,1875
1832,2605,1875
1833,2611,1872
1834,2616,1872
1835,2610,1872
1836,2610,1874
1837,2614,1879
1838,2621,1880
1839,2618,1878
1840,2614,1882
1841,2622,1882
1842,2620,1886
1843,2626,1892
1844,2634,1898
1845,2630,1895
1846,2629,1899
1847,2623,1899
1848,2618,1903
1849,2620,1902
1850,2616,1905
1851,2621,1906
1852,2618,1909
1853,2612,1914
1854,2618,1920
1855,2613,1926
1856,2618,1926
1857,2620,1926
1858,2626,1931
1859,2627,1930
1860,2632,1925
1861,2636,1930
1862,2639,1933
1863,2633,1939
1864,2634,1944
1865,2633,1941
1866,2628,1945
1867,2636,1941
1868,2640,1942
1869,2643,1937
1870,2646,1938
1871,2652,1940
1872,2651,1946
1873,2647,1945
1874,2649,1945
1875,2657,1950
1876,2661,1953
1877,2661,1951
1878,2658,1952
1879,2653,1949
1880,2656,1950
1881,2658,1951
1882,2661,1949
1883,2656,1953
1884,2661,1951
1885,2660,1950
1886,2660,1945
1887,2664,1941
1888,2672,1946
1889,2667,1945
1890,2665,1940
1891,2660,1936
1892,2663,1934
1893,2663,1933
1894,2665,1934
1895,2664,1935
1896,2666,1932
1897,2666,1932
1898,2666,1936
1899,2661,1934
1900,2661,1934
1901,2656,1933
1902,2653,1935
1903,2652,1932
1904,2657,1930
1905,2655,1929
1906,2653,1928
1907,2660,1929
1908,2658,1934
1909,2660,1938
1910,2655,1943
1911,2661,1947
1912,2668,1951
1913,2672,1952
1914,2670,1947
1915,2669,1944
1916,2666,1940
1917,2673,1938
1918,2669,1933
1919,2665,1932
1920,2661,1937
1921,2662,1933
1922,2662,1931
1923,2661,1929
1924,2658,1931
1925,2659,1931
1926,2657,1928
1927,2660,1931
1928,2660,1926
1929,2663,1922
1930,2665,1923
1931,2661,1926
1932,2665,1927
1933,2666,1922
1934,2663,1922
1935,2670,1928
1936,2665,1932
1937,2668,1934
1938,2667,1939
1939,2671,1934
1940,2674,1930
1941,2668,1932
1942,2663,1933
1943,2666,1938
1944,2668,1936
1945,2663,1941
1946,2659,1940
1947,2665,1939
1948,2663,1938
1949,2661,1937
1950,2661,1943
1951,2667,1940
1952,2664,1944
1953,2671,1949
1954,2666,1947
1955,2673,1943
1956,2671,1944
1957,2679,1949
1958,2686,1946
1959,2683,1952
1960,2685,1955
1961,2693,1950
1962,2688,1956
1963,2689,1960
1964,2687,1962
1965,2684,1966
1966,2683,1971
1967,2681,1971
1968,2676,1977
1969,2677,1973
1970,2677,1975
1971,2685,1978
1972,2680,1973
1973,2678,1974
1974,2678,1975
1975,2674,1979
1976,2678,1983
1977,2683,1981
1978,2689,1980
1979,2690,1980
1980,2687,1977
1981,2694,1982
1982,2698,1978
1983,2698,1980
1984,2700,1981
1985,2699,1983
1986,2705,1981
1987,2699,1981
1988,2707,1978
1989,2713,1973
1990,2709,1979
1991,2704,1981
1992,2702,1979
1993,2706,1980
1994,2705,1986
1995,2712,1984
1996,2719,1986
1997,2722,1982
1998,2725,1988
1999,2733,1988
2000,2734,1983
2001,2736,1985
2002,2732,1983
2003,2738,1978
2004,2744,1980
2005,2745,1977
2006,2743,1972
2007,2742,1967
2008,2746,1973
2009,2752,1976
2010,2756,1976
2011,2755,1980
2012,2760,1984
2013,2755,1986
2014,2759,1989
2015,2758,1984
2016,2755,1986
2017,2763,1984
2018,2766,1981
2019,2763,1986
2020,2763,1991
2021,2761,1996
2022,2761,1995
2023,2759,1992
2024,2753,1995
2025,2753,1995
2026,2759,1990
2027,2763,1990
2028,2757,1990
2029,2755,1989
2030,2752,1993
2031,2760,1990
2032,2754,1991
2033,2760,1995
2034,2768,1997
2035,2776,2001
2036,2774,1998
2037,2776,1996
2038,2778,1995
2039,2774,1993
2040,2777,1992
2041,2771,1989
2042,2775,1990
2043,2770,1995
2044,2772,1995
2045,2775,1991
2046,2775,1987
2047,2777,1982
2048,2781,1984
2049,2780,1982
2050,2774,1979
2051,2781,1978
2052,2786,1978
2053,2781,1975
2054,2782,1973
2055,2789,1968
2056,2787,1966
2057,2790,1972
2058,2793,1968
2059,2791,1965
2060,2796,1968
2061,2802,1964
2062,2797,1966
2063,2798,1969
2064,2794,1968
2065,2800,1966
2066,2794,1969
2067,2791,1968
2068,2797,1964
2069,2793,1967
2070,2791,1971
2071,2796,1977
2072,2793,1983
2073,2791,1982
2074,2796,1981
2075,2792,1985
2076,2800,1988
2077,2799,1987
2078,2794,1983
2079,2801,1981
2080,2803,1985
2081,2805,1989
2082,2810,1993
2083,2818,1994
2084,2813,1998
2085,2810,2002
2086,2809,2003
2087,2809,2001
2088,2811,2000
2089,2816,1997
2090,2824,1998
2091,2829,1994
2092,2824,1998
2093,2831,1997
2094,2836,1993
2095,2844,1988
2096,2847,1993
2097,2849,1998
2098,2852,1998
2099,2859,1996
2100,2854,1993
2101,2856,1997
2102,2863,1996
2103,2865,2001
2104,2870,1997
2105,2872,1998
2106,2878,2002
2107,2882,2004
2108,2878,2003
2109,2886,1999
2110,2890,2004
2111,2892,2008
2112,2886,2008
2113,2892,2005
2114,2898,2010
2115,2899,2008
2116,2900,2013
2117,2894,2018
2118,2893,2023
2119,2891,2021
2120,2897,2023
2121,2896,2019
2122,2901,2024
2123,2896,2024
2124,2897,2025
2125,2901,2027
2126,2904,2028
2127,2898,2034
2128,2893,2036
2129,2897,2031
2130,2902,2026
2131,2902,2022
2132,2901,2023
2133,2900,2029
2134,2907,2032
2135,2910,2030
2136,2911,2029
2137,2917,2024
2138,2914,2028
2139,2921,2028
2140,2924,2034
2141,2932,2035
2142,2930,2040
2143,2926,2042
2144,2934,2046
2145,2933,2052
2146,2930,2055
2147,2930,2060
2148,2925,2066
2149,2920,2065
2150,2922,2069
2151,2920,2074
2152,2923,2080
2153,2919,2076
2154,2916,2074
2155,2914,2071
2156,2912,2072
2157,2912,2072
2158,2919,2074
2159,2915,2071
2160,2915,2066
2161,2914,2066
2162,2918,2069
2163,2915,2066
2164,2911,2061
2165,2913,2063
2166,2913,2065
2167,2915,2065
2168,2911,2068
2169,2915,2064
2170,2916,2060
2171,2912,2056
2172,2919,2051
2173,2921,2047
2174,2917,2049
2175,2917,2048
2176,2918,2052
2177,2918,2054
2178,2913,2055
2179,2920,2056
2180,2915,2058
2181,2923,2055
2182,2920,2054
2183,2923,2059
2184,2923,2062
2185,2931,2062
2186,2934,2059
2187,2928,2065
2188,2925,2063
2189,2921,2064
2190,2919,2062
2191,2927,2064
2192,2929,2063
2193,2929,2067
2194,2937,2066
2195,2944,2069
2196,2945,2073
2197,2944,2076
2198,2947,2075
2199,2947,2080
2200,2955,2085
2201,2958,2091
2202,2966,2097
2203,2963,2093
2204,2962,2094
2205,2969,2089
2206,2964,2093
2207,2963,2096
2208,2957,2091
2209,2954,2091
2210,2962,2097
2211,2960,2100
2212,2965,2105
2213,2968,2100
2214,2973,2097
2215,2975,2093
2216,2983,2099
2217,2981,2104
2218,2986,2109
2219,2991,2105
2220,2997,2106
2221,2995,2108
2222,2994,2109
2223,2990,2105
2224,2990,2104
2225,2994,2099
2226,2988,2104
2227,2983,2109
2228,2984,2107
2229,2987,2113
2230,2982,2111
2231,2990,2116
2232,2987,2119
2233,2987,2117
2234,2984,2122
2235,2982,2125
2236,2983,2124
2237,2977,2122
2238,2973,2123
2239,2970,2123
2240,2974,2121
2241,2974,2117
2242,2971,2118
2243,2966,2119
2244,2974,2115
2245,2971,2110
2246,2979,2107
2247,2983,2106
2248,2991,2110
2249,2985,2114
2250,2984,2117
2251,2988,2119
2252,2990,2119
2253,2993,2114
2254,2998,2111
2255,2998,2112
2256,3001,2107
2257,2995,2111
2258,2997,2110
2259,3000,2105
2260,3003,2106
2261,3001,2104
2262,3005,2110
2263,3008,2106
2264,3006,2107
2265,3003,2113
2266,3002,2110
2267,3003,2107
2268,3010,2111
2269,3017,2110
2270,3019,2109
2271,3015,2105
2272,3017,2107
2273,3024,2103
2274,3021,2109
2275,3025,2104
2276,3020,2109
2277,3014,2104
2278,3018,2109
2279,3023,2110
2280,3019,2108
2281,3022,2106
2282,3030,2104
2283,3028,2107
2284,3031,2102
2285,3033,2107
2286,3035,2111
2287,3041,2117
2288,3042,2115
2289,3045,2119
2290,3042,2115
2291,3044,2114
2292,3044,2117
2293,3045,2119
2294,3048,2120
2295,3047,2122
2296,3041,2122
2297,3046,2128
2298,3047,2131
2299,3041,2128
2300,3044,2134
2301,3050,2130
2302,3048,2131
2303,3053,2134
2304,3057,2140
2305,3059,2144
2306,3057,2145
2307,3060,2151
2308,3061,2153
2309,3055,2152
2310,3056,2154
2311,3050,2150
2312,3048,2146
2313,3045,2142
2314,3050,2140
2315,3048,2137
2316,3050,2140
2317,3050,2144
2318,3054,2144
2319,3050,2150
2320,3053,2148
2321,3048,2146
2322,3048,2144
2323,3051,2150
2324,3047,2151
2325,3051,2156
2326,3049,2154
2327,3047,2154
2328,3047,2156
2329,3054,2156
2330,3059,2158
2331,3065,2163
2332,3067,2159
2333,3074,2161
2334,3068,2156
2335,3071,2152
2336,3076,2154
2337,3072,2152
2338,3077,2147
2339,3072,2151
2340,3075,2151
2341,3083,2151
2342,3090,2150
2343,3088,2153
2344,3083,2148
2345,3087,2153
2346,3083,2152
2347,3083,2149
2348,3077,2155
2349,3072,2161
2350,3078,2163
2351,3080,2162
2352,3080,2160
2353,3081,2156
2354,3086,2153
2355,3080,2150
2356,3081,2156
2357,3081,2153
2358,3077,2152
2359,3071,2147
2360,3076,2153
2361,3083,2151
2362,3080,2151
2363,3078,2155
2364,3076,2154
2365,3084,2158
2366,3084,2164
2367,3087,2160
2368,3089,2156
2369,3085,2151
2370,3088,2154
2371,3089,2156
2372,3095,2158
2373,3093,2159
2374,3087,2160
2375,3093,2163
2376,3091,2163
2377,3093,2161
2378,3101,2162
2379,3097,2168
2380,3097,2168
2381,3099,2165
2382,3104,2168
2383,3107,2172
2384,3114,2167
2385,3118,2166
2386,3116,2161
2387,3118,2161
2388,3112,2157
2389,3111,2152
2390,3117,2149
2391,3121,2147
2392,3126,2148
2393,3121,2152
2394,3116,2157
2395,3120,2158
2396,3119,2162
2397,3124,2168
2398,3125,2172
2399,3126,2168
2400,3133,2172
2401,3129,2177
2402,3130,2175
2403,3133,2177
2404,3134,2181
2405,3133,2186
2406,3129,2189
2407,3132,2185
2408,3133,2186
2409,3139,2187
2410,3133,2186
2411,3129,2192
2412,3130,2189
2413,3128,2184
2414,3129,2188
2415,3129,2192
2416,3132,2190
2417,3132,2186
2418,3127,2189
2419,3131,2186
2420,3135,2181
2421,3135,2185
2422,3143,2189
2423,3147,2195
2424,3152,2197
2425,3155,2201
2426,3155,2205
2427,3151,2204
2428,3153,2205
2429,3149,2211
2430,3146,2210
2431,3148,2215
2432,3144,2221
2433,3148,2221
2434,3152,2221
2435,3159,2225
2436,3163,2222
2437,3160,2228
2438,3168,2234
2439,3172,2229
2440,3177,2230
2441,3177,2231
2442,3179,2229
2443,3186,2235
2444,3189,2236
2445,3192,2237
2446,3194,2237
2447,3199,2240
2448,3205,2236
2449,3205,2231
2450,3208,2237
2451,3212,2242
2452,3216,2241
2453,3219,2242
2454,3226,2243
2455,3228,2241
2456,3227,2247
2457,3235,2242
2458,3238,2246
2459,3245,2247
2460,3241,2249
2461,3236,2251
2462,3234,2247
2463,3242,2249
2464,3249,2248
2465,3256,2247
2466,3253,2249
2467,3253,2250
2468,3260,2255
2469,3259,2251
2470,3259,2251
2471,3253,2251
2472,3254,2251
2473,3258,2248
2474,3254,2244
2475,3251,2250
2476,3245,2254
2477,3243,2258
2478,3244,2258
2479,3247,2260
2480,3249,2264
2481,3248,2269
2482,3255,2269
2483,3256,2264
2484,3262,2266
2485,3256,2268
2486,3255,2268
2487,3256,2266
2488,3263,2263
2489,3261,2269
2490,3262,2275
2491,3265,2273
2492,3265,2279
2493,3272,2277
2494,3275,2278
2495,3275,2283
2496,3277,2286
2497,3283,2285
2498,3288,2285
2499,3296,2280
2500,3297,2281
2501,3301,2278
2502,3295,2276
2503,3290,2274
2504,3294,2270
2505,3290,2271
2506,3286,2267
2507,3294,2270
2508,3297,2267
2509,3303,2269
2510,3300,2268
2511,3306,2268
2512,3302,2274
2513,3300,2275
2514,3296,2274
2515,3302,2272
2516,3303,2272
2517,3306,2268
2518,3305,2266
2519,3308,2272
2520,3314,2277
2521,3317,2274
2522,3321,2280
2523,3323,2278
2524,3325,2282
2525,3322,2282
2526,3322,2288
2527,3328,2284
2528,3335,2289
2529,3334,2294
2530,3332,2292
2531,3327,2287
2532,3332,2290
2533,3329,2295
2534,3333,2294
2535,3333,2295
2536,3332,2293
2537,3327,2295
2538,3329,2299
2539,3324,2295
2540,3330,2291
2541,3324,2294
2542,3321,2300
2543,3321,2299
2544,3328,2294
2545,3334,2290
2546,3334,2296
2547,3337,2302
2548,3343,2302
2549,3350,2307
2550,3350,2306
2551,3354,2310
2552,3359,2308
2553,3362,2313
2554,3366,2318
2555,3362,2323
2556,3362,2325
2557,3364,2328
2558,3369,2332
2559,3365,2334
2560,3371,2329
2561,3373,2324
0,1000,1000
1,1008,999
2,1009,1000
3,1010,1003
4,1017,1008
5,1011,1008
6,1017,1013
7,1023,1012
8,1018,1009
9,1024,1015
10,1019,1016
11,1025,1019
12,1031,1018
13,1037,1019
14,1041,1017
15,1042,1017
16,1049,1014
17,1056,1010
18,1062,1014
19,1068,1012
20,1072,1011
21,1070,1014
22,1070,1017
23,1064,1012
24,1059,1015
25,1055,1016
26,1052,1014
27,1053,1015
28,1048,1016
29,1055,1011
30,1056,1006
31,1060,1010
32,1059,1011
33,1066,1007
34,1066,1006
35,1066,1007
36,1073,1010
37,1080,1014
38,1079,1012
39,1086,1018
40,1085,1013
41,1079,1019
42,1081,1015
43,1075,1015
44,1082,1012
45,1085,1013
46,1090,1015
47,1091,1013
48,1089,1017
49,1086,1018
50,1093,1016
51,1089,1013
52,1085,1009
53,1081,1004
54,1078,1001
55,1081,1006
56,1085,1006
57,1080,1005
58,1084,1010
59,1086,1016
60,1081,1016
61,1088,1012
62,1085,1015
63,1084,1011
64,1078,1009
65,1076,1006
66,1073,1005
67,1081,1001
68,1089,1002
69,1093,1004
70,1099,1005
71,1099,1000
72,1103,996
73,1101,994
74,1106,999
75,1113,999
76,1118,999
77,1118,995
78,1124,991
79,1130,989
80,1126,992
81,1120,989
82,1117,994
83,1125,990
84,1123,989
85,1125,987
86,1120,992
87,1118,987
88,1117,990
89,1122,985
90,1128,987
91,1135,987
92,1138,987
93,1145,986
94,1139,990
95,1136,992
96,1136,998
97,1144,996
98,1139,993
99,1137,995
100,1143,999
101,1148,1003
102,1154,1008
103,1160,1007
104,1157,1013
105,1156,1011
106,1161,1011
107,1165,1012
108,1164,1007
109,1169,1006
110,1175,1003
111,1169,1006
112,1166,1010
113,1172,1011
114,1175,1010
115,1177,1016
116,1184,1013
117,1179,1018
118,1175,1024
119,1174,1023
120,1179,1026
121,1186,1024
122,1186,1027
123,1183,1026
124,1179,1025
125,1177,1031
126,1185,1036
127,1193,1032
128,1193,1034
129,1196,1038
130,1204,1044
131,1199,1049
132,1201,1055
133,1199,1053
134,1205,1048
135,1204,1052
136,1201,1047
137,1203,1052
138,1209,1049
139,1216,1046
140,1221,1049
141,1216,1046
142,1215,1050
143,1217,1051
144,1220,1057
145,1223,1055
146,1219,1058
147,1226,1060
148,1220,1065
149,1225,1069
150,1232,1069
151,1236,1074
152,1239,1076
153,1240,1081
154,1234,1082
155,1238,1088
156,1232,1086
157,1234,1086
158,1238,1082
159,1234,1077
160,1241,1077
161,1235,1075
162,1240,1076
163,1245,1073
164,1252,1077
165,1250,1076
166,1252,1079
167,1246,1085
168,1253,1084
169,1256,1083
170,1258,1089
171,1263,1089
172,1262,1086
173,1269,1089
174,1264,1091
175,1260,1091
176,1263,1094
177,1267,1100
178,1271,1096
179,1265,1100
180,1265,1101
181,1259,1102
182,1257,1098
183,1262,1103
184,1263,1106
185,1269,1110
186,1274,1110
187,1277,1114
188,1282,1116
189,1278,1111
190,1273,1112
191,1278,1115
192,1277,1111
193,1281,1109
194,1287,1112
195,1288,1118
196,1296,1115
197,1293,1116
198,1295,1115
199,1299,1113
200,1303,1110
201,1308,1112
202,1303,1117
203,1300,1122
204,1304,1119
205,1308,1114
206,1314,1117
207,1310,1112
208,1311,1108
209,1314,1108
210,1320,1105
211,1328,1100
212,1326,1103
213,1328,1103
214,1335,1103
215,1334,1105
216,1330,1111
217,1324,1115
218,1318,1117
219,1319,1120
220,1323,1125
221,1319,1126
222,1325,1123
223,1328,1119
224,1331,1117
225,1328,1118
226,1330,1115
227,1336,1110
228,1343,1111
229,1342,1114
230,1342,1114
231,1344,1111
232,1349,1108
233,1353,1104
234,1347,1104
235,1355,1100
236,1356,1103
237,1359,1099
238,1360,1097
239,1363,1103
240,1364,1105
241,1366,1104
242,1365,1110
243,1370,1107
244,1375,1106
245,1369,1102
246,1367,1099
247,1361,1103
248,1364,1101
249,1369,1101
250,1368,1102
251,1365,1099
252,1367,1103
253,1373,1103
254,1380,1103
255,1384,1098
256,1380,1103
257,1377,1106
258,1380,1106
259,1379,1105
260,1385,1102
261,1379,1099
262,1384,1101
263,1384,1097
264,1381,1100
265,1382,1103
266,1382,1106
267,1383,1104
268,1391,1109
269,1397,1108
270,1403,1105
271,1411,1102
272,1409,1106
273,1403,1105
274,1398,1110
275,1393,1107
276,1398,1107
277,1396,1108
278,1396,1108
279,1400,1107
280,1400,1103
281,1401,1109
282,1405,1106
283,1413,1109
284,1410,1114
285,1415,1117
286,1417,1113
287,1421,1111
288,1428,1109
289,1422,1115
290,1429,1121
291,1437,1118
292,1445,1122
293,1445,1124
294,1450,1128
295,1457,1126
296,1452,1127
297,1456,1127
298,1457,1128
299,1459,1123
300,1453,1119
301,1461,1117
302,1463,1121
303,1469,1122
304,1463,1127
305,1467,1123
306,1468,1125
307,1464,1123
308,1461,1125
309,1458,1130
310,1461,1136
311,1456,1137
312,1454,1135
313,1448,1131
314,1451,1136
315,1454,1135
316,1450,1133
317,1447,1129
318,1441,1132
319,1447,1136
320,1451,1131
321,1454,1136
322,1454,1134
323,1460,1130
324,1467,1134
325,1474,1131
326,1472,1133
327,1474,1129
328,1478,1124
329,1486,1124
330,1480,1130
331,1480,1136
332,1481,1138
333,1488,1137
334,1491,1137
335,1496,1140
336,1501,1140
337,1502,1139
338,1504,1144
339,1508,1149
340,1505,1149
341,1501,1145
342,1505,1151
343,1506,1146
344,1503,1146
345,1501,1146
346,1498,1144
347,1494,1147
348,1490,1144
349,1488,1142
350,1482,1144
351,1476,1144
352,1484,1147
353,1479,1152
354,1481,1154
355,1476,1156
356,1475,1160
357,1475,1160
358,1480,1156
359,1475,1157
360,1483,1162
361,1477,1160
362,1475,1163
363,1469,1165
364,1476,1160
365,1472,1163
366,1480,1159
367,1484,1161
368,1491,1157
369,1491,1163
370,1498,1164
371,1492,1169
372,1488,1173
373,1492,1169
374,1499,1170
375,1504,1176
376,1511,1180
377,1519,1180
378,1523,1183
379,1528,1186
380,1525,1184
381,1530,1187
382,1537,1190
383,1536,1185
384,1535,1189
385,1543,1193
386,1541,1188
387,1539,1192
388,1544,1198
389,1541,1201
390,1536,1204
391,1532,1206
392,1527,1201
393,1532,1203
394,1540,1201
395,1541,1197
396,1547,1200
397,1544,1201
398,1542,1205
399,1542,1205
400,1548,1211
401,1553,1209
402,1561,1207
403,1564,1208
404,1558,1211
405,1560,1208
406,1558,1212
407,1558,1211
408,1564,1214
409,1562,1218
410,1561,1218
411,1557,1216
412,1552,1216
413,1558,1211
414,1561,1213
415,1557,1211
416,1564,1212
417,1565,1207
418,1572,1204
419,1572,1210
420,1579,1213
421,1587,1211
422,1584,1211
423,1580,1216
424,1582,1212
425,1585,1218
426,1588,1224
427,1596,1228
428,1595,1223
429,1594,1225
430,1589,1220
431,1596,1216
432,1596,1213
433,1591,1210
434,1590,1211
435,1587,1217
436,1584,1212
437,1583,1212
438,1585,1215
439,1585,1216
440,1581,1212
441,1584,1212
442,1588,1217
443,1592,1216
444,1589,1222
445,1585,1225
446,1592,1228
447,1590,1228
448,1597,1232
449,1601,1230
450,1607,1229
451,1613,1230
452,1612,1234
453,1608,1230
454,1608,1230
455,1610,1234
456,1615,1232
457,1614,1227
458,1610,1233
459,1608,1230
460,1603,1235
461,1598,1233
462,1597,1238
463,1591,1244
464,1589,1250
465,1584,1249
466,1586,1253
467,1590,1257
468,1594,1256
469,1588,1257
470,1585,1253
471,1585,1255
472,1587,1257
473,1594,1260
474,1588,1264
475,1587,1261
476,1581,1262
477,1584,1259
478,1590,1258
479,1587,1258
480,1584,1260
481,1587,1263
482,1595,1258
483,1591,1255
484,1586,1253
485,1593,1248
486,1587,1246
487,1590,1242
488,1592,1237
489,1591,1237
490,1593,1235
491,1589,1236
492,1587,1236
493,1595,1234
494,1596,1236
495,1597,1242
496,1597,1246
497,1602,1246
498,1603,1242
499,1600,1241
500,1595,1239
501,1592,1234
502,1597,1238
503,1594,1243
504,1596,1247
505,1599,1249
506,1595,1247
507,1589,1246
508,1585,1242
509,1580,1244
510,1577,1239
511,1576,1241
512,1572,1236
513,1574,1239
514,1582,1243
515,1585,1249
516,1586,1248
517,1588,1243
518,1587,1240
519,1595,1246
520,1593,1250
521,1592,1247
522,1595,1249
523,1592,1251
524,1589,1247
525,1585,1253
526,1590,1248
527,1593,1243
528,1598,1241
529,1600,1247
530,1608,1247
531,1606,1242
532,1601,1238
533,1605,1236
534,1605,1235
535,1607,1235
536,1605,1233
537,1610,1231
538,1617,1227
539,1615,1231
540,1609,1226
541,1616,1223
542,1621,1223
543,1626,1223
544,1633,1219
545,1637,1221
546,1639,1219
547,1636,1222
548,1631,1220
549,1630,1217
550,1630,1215
551,1636,1218
552,1639,1216
553,1633,1218
554,1637,1216
555,1644,1216
556,1646,1218
557,1648,1213
558,1653,1213
559,1661,1216
560,1665,1214
561,1670,1219
562,1669,1224
563,1672,1227
564,1677,1226
565,1684,1230
566,1686,1232
567,1686,1231
568,1693,1232
569,1687,1227
570,1695,1222
571,1696,1224
572,1702,1224
573,1696,1221
574,1698,1222
575,1703,1221
576,1704,1226
577,1706,1227
578,1711,1224
579,1717,1219
580,1724,1221
581,1721,1221
582,1728,1219
583,1723,1223
584,1721,1226
585,1717,1222
586,1716,1225
587,1720,1231
588,1725,1226
589,1726,1229
590,1732,1226
591,1731,1229
592,1738,1228
593,1746,1227
594,1740,1233
595,1744,1237
596,1745,1242
597,1748,1241
598,1755,1244
599,1763,1247
600,1763,1246
601,1758,1252
602,1753,1248
603,1748,1254
604,1744,1250
605,1741,1255
606,1737,1253
607,1731,1249
0,1000,1000
1,1000,1006
2,1007,1006
3,1014,1010
4,1015,1011
5,1013,1012
6,1018,1010
7,1014,1013
8,1010,1017
9,1013,1014
10,1020,1016
11,1021,1016
12,1024,1011
13,1031,1015
14,1036,1019
15,1037,1015
16,1036,1019
17,1042,1024
18,1049,1019
19,1051,1025
20,1056,1026
21,1054,1023
22,1049,1021
23,1056,1026
24,1052,1032
25,1054,1028
26,1054,1034
27,1060,1033
28,1068,1028
29,1066,1030
30,1068,1036
31,1067,1040
32,1066,1038
33,1063,1044
34,1066,1046
35,1068,1048
36,1074,1043
37,1072,1043
38,1075,1045
39,1080,1048
40,1083,1048
41,1088,1051
42,1084,1054
43,1086,1055
44,1084,1056
45,1081,1055
46,1078,1056
47,1080,1058
48,1080,1053
49,1078,1054
50,1085,1053
51,1091,1050
52,1092,1055
53,1086,1056
54,1084,1058
55,1078,1064
56,1085,1066
57,1086,1062
58,1083,1065
59,1090,1067
60,1096,1065
61,1097,1060
62,1103,1064
63,1101,1060
64,1103,1061
65,1107,1064
66,1106,1060
67,1110,1062
68,1110,1066
69,1107,1062
70,1105,1067
71,1109,1069
72,1112,1065
73,1113,1064
74,1110,1061
75,1104,1056
76,1108,1056
77,1105,1054
78,1111,1049
79,1117,1053
80,1121,1053
81,1119,1054
82,1118,1051
83,1116,1057
84,1117,1054
85,1125,1056
86,1131,1051
87,1128,1052
88,1125,1052
89,1119,1058
90,1120,1056
91,1115,1062
92,1118,1058
93,1123,1063
94,1127,1061
95,1125,1064
96,1126,1069
97,1132,1074
98,1136,1070
99,1134,1065
100,1128,1060
101,1125,1059
102,1132,1057
103,1126,1059
104,1127,1061
105,1126,1064
106,1133,1062
107,1138,1059
108,1144,1065
109,1139,1060
110,1143,1064
111,1142,1066
112,1148,1069
113,1150,1066
114,1151,1065
115,1146,1064
116,1149,1068
117,1154,1063
118,1151,1065
119,1147,1062
120,1152,1067
121,1150,1066
122,1148,1072
123,1144,1074
124,1141,1079
125,1148,1084
126,1146,1090
127,1145,1090
128,1152,1090
129,1156,1095
130,1163,1096
131,1170,1094
132,1169,1097
133,1163,1094
134,1161,1096
135,1159,1096
136,1162,1097
137,1160,1095
138,1163,1099
139,1166,1098
140,1170,1093
141,1169,1096
142,1168,1091
143,1169,1089
144,1163,1086
145,1166,1083
146,1160,1087
147,1165,1088
148,1161,1085
149,1155,1084
150,1152,1089
151,1159,1087
152,1155,1086
153,1163,1082
154,1163,1081
155,1170,1082
156,1168,1080
157,1175,1085
158,1180,1091
159,1179,1095
160,1173,1100
161,1175,1101
162,1173,1102
163,1178,1098
164,1183,1096
165,1191,1100
166,1192,1106
167,1194,1109
168,1198,1109
169,1205,1106
170,1200,1101
171,1205,1096
172,1209,1099
173,1212,1100
174,1219,1097
175,1224,1095
176,1227,1093
177,1231,1096
178,1225,1095
179,1232,1094
180,1233,1093
181,1236,1096
182,1232,1094
183,1232,1097
184,1226,1095
185,1228,1092
186,1232,1094
187,1231,1098
188,1228,1099
189,1234,1103
190,1237,1104
191,1231,1106
192,1236,1102
193,1232,1103
194,1237,1100
195,1240,1097
196,1240,1092
197,1247,1087
198,1244,1091
199,1240,1090
200,1248,1085
201,1253,1080
202,1250,1085
203,1248,1089
204,1254,1088
205,1253,1089
206,1247,1088
207,1242,1093
208,1250,1096
209,1244,1097
210,1242,1097
211,1242,1095
212,1246,1091
213,1250,1092
214,1249,1087
215,1257,1085
216,1258,1083
217,1263,1086
218,1267,1089
219,1262,1090
220,1263,1092
221,1257,1093
222,1263,1096
223,1268,1097
224,1265,1094
225,1272,1094
226,1279,1090
227,1286,1096
228,1293,1091
229,1301,1093
230,1306,1089
231,1307,1091
232,1302,1088
233,1308,1085
234,1314,1088
235,1315,1087
236,1317,1085
237,1320,1082
238,1320,1085
239,1325,1091
240,1328,1094
241,1326,1089
242,1329,1090
243,1335,1089
244,1332,1094
245,1340,1099
246,1343,1101
247,1339,1098
248,1339,1099
249,1339,1099
250,1341,1096
251,1349,1099
252,1353,1102
253,1357,1099
254,1352,1101
255,1357,1102
256,1360,1103
257,1368,1098
258,1369,1093
259,1372,1098
260,1380,1104
261,1382,1108
262,1385,1104
263,1385,1099
264,1384,1101
265,1381,1099
266,1385,1102
267,1380,1108
268,1379,1106
269,1373,1106
270,1368,1107
271,1371,1108
272,1372,1104
273,1374,1099
274,1382,1094
275,1376,1089
276,1378,1091
277,1381,1088
278,1385,1092
279,1385,1094
280,1382,1098
281,1379,1101
282,1375,1106
283,1377,1110
284,1380,1111
285,1382,1116
286,1389,1122
287,1397,1120
288,1399,1117
289,1403,1112
290,1406,1110
291,1407,1109
292,1406,1114
293,1408,1118
294,1413,1119
295,1412,1119
296,1417,1116
297,1423,1118
298,1427,1113
299,1424,1109
300,1426,1115
301,1420,1112
302,1416,1107
303,1412,1105
304,1418,1111
305,1422,1107
306,1416,1103
307,1424,1108
308,1431,1108
309,1425,1113
310,1433,1117
311,1429,1117
312,1424,1122
313,1430,1125
314,1434,1125
315,1433,1129
316,1435,1125
317,1429,1131
318,1429,1127
319,1427,1129
320,1425,1127
321,1425,1126
